year,species_richness,occurrences,species_per_1000_occ,species_per_1000_occ_smooth,ndvi_mean,ndvi_std,audio_signal_strength,species_stress_index,critical_species_stress,high_species_stress,eco_stress_index,environmental_stress,biodiversity_decline
2018,58,119,487.3949579831933,547.1612074788345,0.5609740400873281,0.08297650462655963,0.899074074074074,0.1009259259259258,0.0407407407407407,0.0462962962962962,0.24183723581692057,0.4390259599126719,0.0
2019,81,179,452.5139664804469,452.5139664804469,0.570092839915602,0.08807709477377407,0.899074074074074,0.1009259259259258,0.0407407407407407,0.0462962962962962,0.250689715885611,0.429907160084398,0.07156617222115202
2020,104,239,435.1464435146444,435.1464435146444,0.6271967210063435,0.08964883962861553,0.899074074074074,0.1009259259259258,0.0407407407407407,0.0462962962962962,0.24034816344931442,0.3728032789936565,0.10719953830616069
2021,128,299,428.0936454849498,428.0936454849498,0.5926316050133441,0.08934034257245306,0.899074074074074,0.1009259259259258,0.0407407407407407,0.0462962962962962,0.2666742098465142,0.4073683949866559,0.12166993426363759
2022,151,359,420.61281337047353,420.61281337047353,0.5879010183636815,0.08990582897950679,0.899074074074074,0.1009259259259258,0.0407407407407407,0.0462962962962962,0.2810664445063792,0.41209898163631853,0.1370185380847182
2023,175,419,417.6610978520287,417.6610978520287,0.6074220611916265,0.09051477749131563,0.899074074074074,0.1009259259259258,0.0407407407407407,0.0462962962962962,0.28575802737520123,0.39257793880837355,0.14307464406221704
2024,198,480,412.5,412.5,0.5845022507122507,0.08596989166887936,0.899074074074074,0.1009259259259258,0.0407407407407407,0.0462962962962962,0.3076342849002849,0.4154977492877493,0.15366379310344835
