Model,RMSE,R2
Linear Regression,0.027697805486101432,-0.9772212640909272
Random Forest,0.03005070160720969,-1.3274147518091408
